"serial_no","product_link","name","price","image_1","image_2","image_3","image_4","image_5","image_6","variation","brnad_name","type","item_type","benefit","formulation","ingrident","use","size","feature","material","sublock","net_weight","essential_oil_type","hair_type","skin_type","description"
1,"https://www.aliexpress.com/item/TZ-Large-Z-Palette-Empty-Magnet-Makeup-Palette-for-Eyeshadow-Blush-Concealer-Beauty-Cosmetics-DIY-Make/32789909882.html?ws_ab_test=searchweb0_0,searchweb201602_5_10152_10065_10151_10068_10084_10083_10080_10082_10081_10110_10136_10137_519_10175_10111_10060_10112_10155_10113_10114_437_10154_10056_10055_10054_10182_10059_303_100031_10099_10078_10079_10103_10073_10102_10189_10052_10053_10142_10107_142_10050_10051-10051_10110,searchweb201603_50,ppcSwitch_7&btsid=5207518f-a52d-4d95-a004-d273a6e6132c&algo_expid=10acef3b-a296-4a77-90e3-7afd269319e8-0&algo_pvid=10acef3b-a296-4a77-90e3-7afd269319e8","TZ Large Z Palette Empty Magnet Makeup Palette for Eyeshadow Blush Concealer Beauty Cosmetics DIY Make Up Set Tool","18.50","https://ae01.alicdn.com/kf/HTB12CoXQVXXXXb2XpXXq6xXFXXXp/TZ-Large-Z-Palette-Empty-Magnet-Makeup-Palette-for-Eyeshadow-Blush-Concealer-Beauty-Cosmetics-DIY-Make.jpg_50x50.jpg","https://ae01.alicdn.com/kf/HTB1Gl8IRFXXXXa.XFXXq6xXFXXXx/TZ-Large-Z-Palette-Empty-Magnet-Makeup-Palette-for-Eyeshadow-Blush-Concealer-Beauty-Cosmetics-DIY-Make.jpg_50x50.jpg","https://ae01.alicdn.com/kf/HTB1A9RRRFXXXXaXXpXXq6xXFXXXx/TZ-Large-Z-Palette-Empty-Magnet-Makeup-Palette-for-Eyeshadow-Blush-Concealer-Beauty-Cosmetics-DIY-Make.jpg_50x50.jpg","https://ae01.alicdn.com/kf/HTB1z3vKQVXXXXbjaXXXq6xXFXXX5/TZ-Large-Z-Palette-Empty-Magnet-Makeup-Palette-for-Eyeshadow-Blush-Concealer-Beauty-Cosmetics-DIY-Make.jpg_50x50.jpg","https://ae01.alicdn.com/kf/HTB1givVQVXXXXbVXVXXq6xXFXXXb/TZ-Large-Z-Palette-Empty-Magnet-Makeup-Palette-for-Eyeshadow-Blush-Concealer-Beauty-Cosmetics-DIY-Make.jpg_50x50.jpg","https://ae01.alicdn.com/kf/HTB1NVPHQVXXXXcjaXXXq6xXFXXXI/TZ-Large-Z-Palette-Empty-Magnet-Makeup-Palette-for-Eyeshadow-Blush-Concealer-Beauty-Cosmetics-DIY-Make.jpg_50x50.jpg","No","TZ","Makeup Set","","","","z palette","","","","","","0.08kg","","","","Type: Makeup Set Quantity: 1pcs Model Number: TZH04 Ingredient: z palette Brand Name: TZ NET WT: 0.08kg color: green type: empty magnet palette function1: eyeshadow palette function2: blush palette function3: concealer palette material: z box size: medium function4: makeup tool sets"
2,"https://www.aliexpress.com/item/Neutral-Matte-Cosmetic-Tools-168-Colors-Glitter-Eyeshadow-Palette-Makeup-Set/32582062698.html?ws_ab_test=searchweb0_0,searchweb201602_5_10152_10065_10151_10068_10084_10083_10080_10082_10081_10110_10136_10137_519_10175_10111_10060_10112_10155_10113_10114_437_10154_10056_10055_10054_10182_10059_303_100031_10099_10078_10079_10103_10073_10102_10189_10052_10053_10142_10107_142_10050_10051-10102,searchweb201603_50,ppcSwitch_7&btsid=5207518f-a52d-4d95-a004-d273a6e6132c&algo_expid=10acef3b-a296-4a77-90e3-7afd269319e8-1&algo_pvid=10acef3b-a296-4a77-90e3-7afd269319e8","168 Colors Shimmer Matte Eyeshadow Palette kyshadow Makeup Set maquillaje Eyeshadow Blusher Cosmetic Makeup Palette Kit","19.14","https://ae01.alicdn.com/kf/HTB1wQ8NRXXXXXc6XFXXq6xXFXXXd/168-Colors-Shimmer-Matte-Eyeshadow-Palette-kyshadow-Makeup-Set-maquillaje-Eyeshadow-Blusher-Cosmetic-Makeup-Palette-Kit.jpg_50x50.jpg","https://ae01.alicdn.com/kf/HTB1ODR5RXXXXXcBXpXXq6xXFXXX8/168-Colors-Shimmer-Matte-Eyeshadow-Palette-kyshadow-Makeup-Set-maquillaje-Eyeshadow-Blusher-Cosmetic-Makeup-Palette-Kit.jpg_50x50.jpg","https://ae01.alicdn.com/kf/HTB1nGN3RXXXXXXkXFXXq6xXFXXXr/168-Colors-Shimmer-Matte-Eyeshadow-Palette-kyshadow-Makeup-Set-maquillaje-Eyeshadow-Blusher-Cosmetic-Makeup-Palette-Kit.jpg_50x50.jpg","https://ae01.alicdn.com/kf/HTB19XXZRXXXXXccXFXXq6xXFXXX1/168-Colors-Shimmer-Matte-Eyeshadow-Palette-kyshadow-Makeup-Set-maquillaje-Eyeshadow-Blusher-Cosmetic-Makeup-Palette-Kit.jpg_50x50.jpg","https://ae01.alicdn.com/kf/HTB1jBR2RXXXXXXhXFXXq6xXFXXXy/168-Colors-Shimmer-Matte-Eyeshadow-Palette-kyshadow-Makeup-Set-maquillaje-Eyeshadow-Blusher-Cosmetic-Makeup-Palette-Kit.jpg_50x50.jpg","https://ae01.alicdn.com/kf/HTB1E3hxRXXXXXXBapXXq6xXFXXXd/168-Colors-Shimmer-Matte-Eyeshadow-Palette-kyshadow-Makeup-Set-maquillaje-Eyeshadow-Blusher-Cosmetic-Makeup-Palette-Kit.jpg_50x50.jpg","Yes","HUAMIANLI","Makeup Set","","","","Eyeshadow","","","","","","440g","","","","Type: Makeup Set Brand Name: HUAMIANLI Ingredient: Eyeshadow Model Number: Makeup Set NET WT: 440g Quantity: 1 set Type: makeup palette eyeshadow Set powder: green, violet voss , red ,orange, etc Case Material: Plastic Case Size: 23(L) x 15 (W) x 1.6 (H) cm Production: Eye Shadow Blusher Powder Palette sets Types: eyes sweet peach palette Application: Eyes Makeup tartelette paleta Feature: 168 Colors Multi colors Eyeshadow Palette Makeup Set Makeup Set: Cosmetic Makeup Palette Kit"
3,"https://www.aliexpress.com/item/20Pcs-Cosmetic-Brushes-Pro-Powder-Foundation-Eyeshadow-Eyeliner-Lip-Makeup-Set-Makeup-Eyeshadow-Foundation-Concealer-Brushes/32702124022.html?ws_ab_test=searchweb0_0,searchweb201602_5_10152_10065_10151_10068_10084_10083_10080_10082_10081_10110_10136_10137_519_10175_10111_10060_10112_10155_10113_10114_437_10154_10056_10055_10054_10182_10059_303_100031_10099_10078_10079_10103_10073_10102_10189_10052_10053_10142_10107_142_10050_10051-10050,searchweb201603_50,ppcSwitch_7&btsid=5207518f-a52d-4d95-a004-d273a6e6132c&algo_expid=10acef3b-a296-4a77-90e3-7afd269319e8-2&algo_pvid=10acef3b-a296-4a77-90e3-7afd269319e8","20Pcs Cosmetic Brushes Pro Powder Foundation Eyeshadow Eyeliner Lip Makeup Set Makeup Eyeshadow Foundation Concealer Brushes","3.86 - 4.18","https://ae01.alicdn.com/kf/HTB1ar9QQFXXXXcSXpXXq6xXFXXXu/20Pcs-Cosmetic-Brushes-Pro-Powder-Foundation-Eyeshadow-Eyeliner-Lip-Makeup-Set-Makeup-Eyeshadow-Foundation-Concealer-Brushes.jpg_50x50.jpg","https://ae01.alicdn.com/kf/HTB1R6O3QFXXXXaMXXXXq6xXFXXXn/20Pcs-Cosmetic-Brushes-Pro-Powder-Foundation-Eyeshadow-Eyeliner-Lip-Makeup-Set-Makeup-Eyeshadow-Foundation-Concealer-Brushes.jpg_50x50.jpg","https://ae01.alicdn.com/kf/HTB1eZCRQFXXXXc9XpXXq6xXFXXXZ/20Pcs-Cosmetic-Brushes-Pro-Powder-Foundation-Eyeshadow-Eyeliner-Lip-Makeup-Set-Makeup-Eyeshadow-Foundation-Concealer-Brushes.jpg_50x50.jpg","https://ae01.alicdn.com/kf/HTB1BxWmQFXXXXXwapXXq6xXFXXXz/20Pcs-Cosmetic-Brushes-Pro-Powder-Foundation-Eyeshadow-Eyeliner-Lip-Makeup-Set-Makeup-Eyeshadow-Foundation-Concealer-Brushes.jpg_50x50.jpg","https://ae01.alicdn.com/kf/HTB1ZKq8QFXXXXa8XXXXq6xXFXXXc/20Pcs-Cosmetic-Brushes-Pro-Powder-Foundation-Eyeshadow-Eyeliner-Lip-Makeup-Set-Makeup-Eyeshadow-Foundation-Concealer-Brushes.jpg_50x50.jpg","","Yes","GUJHUI","Makeup Set","","","","other","","","","","","116g","","","","Brand Name: GUJHUI NET WT: 116g Ingredient: other Quantity: 20pcs/set Model Number: TD0231-gg Type: Makeup Set style 1: Makeup Set style 2: Makeup Brushes style 3: Makeup Brush style 4: Foundation Brush style 5: Eyeshadow Brush style 6: Eyeliner Brush style 7: Brush style 8: Brushes style 9: Powder Brush style 10: Powder Brushes"
4,"https://www.aliexpress.com/item/Natural-Mineral-Mica-Powder-Do-It-Yourself-Soap-Dye-Soap-Colorant-50g-Free-Shipping/32370998031.html?ws_ab_test=searchweb0_0,searchweb201602_5_10152_10065_10151_10068_10084_10083_10080_10082_10081_10110_10136_10137_519_10175_10111_10060_10112_10155_10113_10114_437_10154_10056_10055_10054_10182_10059_303_100031_10099_10078_10079_10103_10073_10102_10189_10052_10053_10142_10107_142_10050_10051-10102,searchweb201603_50,ppcSwitch_7&btsid=5207518f-a52d-4d95-a004-d273a6e6132c&algo_expid=10acef3b-a296-4a77-90e3-7afd269319e8-3&algo_pvid=10acef3b-a296-4a77-90e3-7afd269319e8","Natural Mineral Mica Powder Do It Yourself Soap Dye Soap Colorant 50g Free Shipping","3.99","https://ae01.alicdn.com/kf/HTB1IsAsKFXXXXasXVXXq6xXFXXXV/Natural-Mineral-Mica-Powder-Do-It-Yourself-Soap-Dye-Soap-Colorant-50g-Free-Shipping.jpg_50x50.jpg","https://ae01.alicdn.com/kf/HTB1ytpIIFXXXXadaXXXq6xXFXXXx/Natural-Mineral-Mica-Powder-Do-It-Yourself-Soap-Dye-Soap-Colorant-50g-Free-Shipping.jpg_50x50.jpg","","","","","Yes","YDDYT","Makeup Set","","","","Semi Natural","","","","","","50g","","","","Type: Makeup Set Model Number: 003 NET WT: 50g Brand Name: YDDYT Ingredient: Semi Natural Quantity: 1"
5,"https://www.aliexpress.com/item/10-pcs-lot-VETUS-Tweezers-Free-Shipping/32705113768.html?ws_ab_test=searchweb0_0,searchweb201602_5_10152_10065_10151_10068_10084_10083_10080_10082_10081_10110_10136_10137_519_10175_10111_10060_10112_10155_10113_10114_437_10154_10056_10055_10054_10182_10059_303_100031_10099_10078_10079_10103_10073_10102_10189_10052_10053_10142_10107_142_10050_10051-10102,searchweb201603_50,ppcSwitch_7&btsid=5207518f-a52d-4d95-a004-d273a6e6132c&algo_expid=10acef3b-a296-4a77-90e3-7afd269319e8-4&algo_pvid=10acef3b-a296-4a77-90e3-7afd269319e8","10 pcs/lot VETUS Tweezers Anti-static Stainless Steel Tweezers Repairing Maintenance Tools Free Shipping","31.50 - 34.50","https://ae01.alicdn.com/kf/HTB1RwGrLXXXXXa_XVXXq6xXFXXXR/10-pcs-lot-VETUS-Tweezers-Anti-static-Stainless-Steel-Tweezers-Repairing-Maintenance-Tools-Free-Shipping.jpg_50x50.jpg","","","","","","Yes","Natais Beauty","Makeup Set","","","","Stainless","","","","","","17g per piece","","","","Type: Makeup Set Ingredient: Stainless Model Number: 00-SA,1-SA,2-SA,2A-SA,3-SA,3C-SA,4-SA,5-SA,5A-SA,5B-SA,6A-SA,7-SA Quantity: 10000 pieces Brand Name: Natais Beauty NET WT: 17g per piece Name: Vetus Tweezers MOQ: 10 pieces Weight: 200g for 10 pcs transport way: by china post mail transport time: 10-25 days Material: stainless steel Color: Silver Useful: For eyelash extension"
6,"https://www.aliexpress.com/item/Eyes-kit-Wholesale-Makeup-Brush-Cosmetic-Set-Kit-Black-Makeup-Eyeshadow-Brushes-Free-Shipping/669333919.html?ws_ab_test=searchweb0_0,searchweb201602_5_10152_10065_10151_10068_10084_10083_10080_10082_10081_10110_10136_10137_519_10175_10111_10060_10112_10155_10113_10114_437_10154_10056_10055_10054_10182_10059_303_100031_10099_10078_10079_10103_10073_10102_10189_10052_10053_10142_10107_142_10050_10051-10050,searchweb201603_50,ppcSwitch_7&btsid=5207518f-a52d-4d95-a004-d273a6e6132c&algo_expid=10acef3b-a296-4a77-90e3-7afd269319e8-5&algo_pvid=10acef3b-a296-4a77-90e3-7afd269319e8","Eyes kit Wholesale Makeup Brush Cosmetic Set Kit Black Makeup Eyeshadow Brush set Free Shipping","15.99","https://ae01.alicdn.com/kf/HTB103FHIXXXXXXJXXXXq6xXFXXXG/Eyes-kit-Wholesale-Makeup-Brush-Cosmetic-Set-Kit-Black-Makeup-Eyeshadow-Brush-set-Free-Shipping.jpg_50x50.jpg","https://ae01.alicdn.com/kf/HTB1RgkRJVXXXXXvXpXXq6xXFXXXl/Eyes-kit-Wholesale-Makeup-Brush-Cosmetic-Set-Kit-Black-Makeup-Eyeshadow-Brush-set-Free-Shipping.jpg_50x50.jpg","","","","","No","","Makeup Set","","","","","","","","","","50g","","","","Type: Makeup Set Quantity: 6pcs NET WT: 50g Model Number: H12"
7,"https://www.aliexpress.com/item/FOCALLURE-Makup-Tool-Kit-8-PCS-Make-up-Cosmetics-Including-Eyeshadow-Matte-Lipstick-With-Makeup-Bag/32776271448.html?ws_ab_test=searchweb0_0,searchweb201602_5_10152_10065_10151_10068_10084_10083_10080_10082_10081_10110_10136_10137_519_10175_10111_10060_10112_10155_10113_10114_437_10154_10056_10055_10054_10182_10059_303_100031_10099_10078_10079_10103_10073_10102_10189_10052_10053_10142_10107_142_10050_10051,searchweb201603_50,ppcSwitch_7&btsid=5207518f-a52d-4d95-a004-d273a6e6132c&algo_expid=10acef3b-a296-4a77-90e3-7afd269319e8-6&algo_pvid=10acef3b-a296-4a77-90e3-7afd269319e8","FOCALLURE Makup Tool Kit 8 PCS Make up Cosmetics Including Eyeshadow Matte Lipstick With Makeup Bag Makeup Set for Gift","18.49","https://ae01.alicdn.com/kf/HTB1rBggOpXXXXb7XVXXq6xXFXXXM/FOCALLURE-Makup-Tool-Kit-8-PCS-Make-up-Cosmetics-Including-Eyeshadow-Matte-Lipstick-With-Makeup-Bag.jpg_50x50.jpg","https://ae01.alicdn.com/kf/HTB1tJcKOpXXXXXzXXXXq6xXFXXX8/FOCALLURE-Makup-Tool-Kit-8-PCS-Make-up-Cosmetics-Including-Eyeshadow-Matte-Lipstick-With-Makeup-Bag.jpg_50x50.jpg","https://ae01.alicdn.com/kf/HTB1iFL_OpXXXXXPaXXXq6xXFXXXm/FOCALLURE-Makup-Tool-Kit-8-PCS-Make-up-Cosmetics-Including-Eyeshadow-Matte-Lipstick-With-Makeup-Bag.jpg_50x50.jpg","https://ae01.alicdn.com/kf/HTB1HOERPVXXXXcNXXXXq6xXFXXXv/FOCALLURE-Makup-Tool-Kit-8-PCS-Make-up-Cosmetics-Including-Eyeshadow-Matte-Lipstick-With-Makeup-Bag.jpg_50x50.jpg","https://ae01.alicdn.com/kf/HTB1uawSPVXXXXbUXXXXq6xXFXXX8/FOCALLURE-Makup-Tool-Kit-8-PCS-Make-up-Cosmetics-Including-Eyeshadow-Matte-Lipstick-With-Makeup-Bag.jpg_50x50.jpg","https://ae01.alicdn.com/kf/HTB14AQlOpXXXXXvXVXXq6xXFXXXd/FOCALLURE-Makup-Tool-Kit-8-PCS-Make-up-Cosmetics-Including-Eyeshadow-Matte-Lipstick-With-Makeup-Bag.jpg_50x50.jpg","No","Focallure","Makeup Set","","","","Mineral","","","","","","330","","","","Type: Makeup Set Quantity: 8pcs Ingredient: Mineral Brand Name: Focallure NET WT: 330 Model Number: 20005"
8,"https://www.aliexpress.com/item/Professional-Flower-Makeup-Cosmetic-Set-Gift-For-Women-Eyeshadow-Lipstick-Concealer-Blush-Mirror-Kits-Make-Up/32738067793.html?ws_ab_test=searchweb0_0,searchweb201602_5_10152_10065_10151_10068_10084_10083_10080_10082_10081_10110_10136_10137_519_10175_10111_10060_10112_10155_10113_10114_437_10154_10056_10055_10054_10182_10059_303_100031_10099_10078_10079_10103_10073_10102_10189_10052_10053_10142_10107_142_10050_10051,searchweb201603_50,ppcSwitch_7&btsid=5207518f-a52d-4d95-a004-d273a6e6132c&algo_expid=10acef3b-a296-4a77-90e3-7afd269319e8-7&algo_pvid=10acef3b-a296-4a77-90e3-7afd269319e8","Professional Flower Makeup Cosmetic Set Gift For Women Eyeshadow Lipstick Concealer Blush Mirror Kits Make Up Brand MISS ROSE","27.46","https://ae01.alicdn.com/kf/HTB1ybVBNpXXXXcDapXXq6xXFXXXb/Professional-Flower-Makeup-Cosmetic-Set-Gift-For-Women-Eyeshadow-Lipstick-Concealer-Blush-Mirror-Kits-Make-Up.jpg_50x50.jpg","https://ae01.alicdn.com/kf/HTB1eDXLNpXXXXX_aXXXq6xXFXXXn/Professional-Flower-Makeup-Cosmetic-Set-Gift-For-Women-Eyeshadow-Lipstick-Concealer-Blush-Mirror-Kits-Make-Up.jpg_50x50.jpg","https://ae01.alicdn.com/kf/HTB1a1hYNpXXXXamXVXXq6xXFXXXZ/Professional-Flower-Makeup-Cosmetic-Set-Gift-For-Women-Eyeshadow-Lipstick-Concealer-Blush-Mirror-Kits-Make-Up.jpg_50x50.jpg","https://ae01.alicdn.com/kf/HTB1MmJPNpXXXXaHaXXXq6xXFXXXw/Professional-Flower-Makeup-Cosmetic-Set-Gift-For-Women-Eyeshadow-Lipstick-Concealer-Blush-Mirror-Kits-Make-Up.jpg_50x50.jpg","https://ae01.alicdn.com/kf/HTB1u703NpXXXXbwXFXXq6xXFXXXC/Professional-Flower-Makeup-Cosmetic-Set-Gift-For-Women-Eyeshadow-Lipstick-Concealer-Blush-Mirror-Kits-Make-Up.jpg_50x50.jpg","https://ae01.alicdn.com/kf/HTB1jSVGNpXXXXanapXXq6xXFXXXm/Professional-Flower-Makeup-Cosmetic-Set-Gift-For-Women-Eyeshadow-Lipstick-Concealer-Blush-Mirror-Kits-Make-Up.jpg_50x50.jpg","No","MISS ROSE","Makeup Set","","","","blusher,eyeshadow,concealer,powder,cream lipstick,lip pencil,eye pen","","","","","","81.41g","","","","Type: Makeup Set Brand Name: MISS ROSE Model Number: SHMR005 Ingredient: blusher,eyeshadow,concealer,powder,cream lipstick,lip pencil,eye pen NET WT: 81.41g Quantity: 1 Cosmetics set for women,girls friend: best christmas,brithday gifts fashion: delicate flower printed box delicate: portfolio de luxe"
9,"https://www.aliexpress.com/item/FOCALLURE-Makup-Tool-Kit-6Pcs-Cosmetics-Including-Eyeshadow-Lipstick-with-Cosmetics-Box-Makeup-Set-for-Gift/32764070525.html?ws_ab_test=searchweb0_0,searchweb201602_5_10152_10065_10151_10068_10084_10083_10080_10082_10081_10110_10136_10137_519_10175_10111_10060_10112_10155_10113_10114_437_10154_10056_10055_10054_10182_10059_303_100031_10099_10078_10079_10103_10073_10102_10189_10052_10053_10142_10107_142_10050_10051-10102,searchweb201603_50,ppcSwitch_7&btsid=5207518f-a52d-4d95-a004-d273a6e6132c&algo_expid=10acef3b-a296-4a77-90e3-7afd269319e8-8&algo_pvid=10acef3b-a296-4a77-90e3-7afd269319e8","FOCALLURE Makup Tool Kit 6Pcs Cosmetics Including Eyeshadow Lipstick with Cosmetics Box Makeup Set for Gift","16.99","https://ae01.alicdn.com/kf/HTB1_z6kOXXXXXcDXpXXq6xXFXXX2/FOCALLURE-Makup-Tool-Kit-6Pcs-Cosmetics-Including-Eyeshadow-Lipstick-with-Cosmetics-Box-Makeup-Set-for-Gift.jpg_50x50.jpg","https://ae01.alicdn.com/kf/HTB1t0beOXXXXXcpXFXXq6xXFXXXV/FOCALLURE-Makup-Tool-Kit-6Pcs-Cosmetics-Including-Eyeshadow-Lipstick-with-Cosmetics-Box-Makeup-Set-for-Gift.jpg_50x50.jpg","https://ae01.alicdn.com/kf/HTB1O0mVOXXXXXa2apXXq6xXFXXX7/FOCALLURE-Makup-Tool-Kit-6Pcs-Cosmetics-Including-Eyeshadow-Lipstick-with-Cosmetics-Box-Makeup-Set-for-Gift.jpg_50x50.jpg","https://ae01.alicdn.com/kf/HTB1lsaUOXXXXXX0apXXq6xXFXXXS/FOCALLURE-Makup-Tool-Kit-6Pcs-Cosmetics-Including-Eyeshadow-Lipstick-with-Cosmetics-Box-Makeup-Set-for-Gift.jpg_50x50.jpg","https://ae01.alicdn.com/kf/HTB1yMfrOXXXXXceXXXXq6xXFXXXr/FOCALLURE-Makup-Tool-Kit-6Pcs-Cosmetics-Including-Eyeshadow-Lipstick-with-Cosmetics-Box-Makeup-Set-for-Gift.jpg_50x50.jpg","https://ae01.alicdn.com/kf/HTB1GnNbPpXXXXXrXFXXq6xXFXXXZ/FOCALLURE-Makup-Tool-Kit-6Pcs-Cosmetics-Including-Eyeshadow-Lipstick-with-Cosmetics-Box-Makeup-Set-for-Gift.jpg_50x50.jpg","Yes","Focallure","Makeup Set","","","","Powder,Eyebrow Pencil,Eyeshadow,Mascara,Eyeliner,Matte Lipstick","","","","","","6Pcs/Set","","","","Type: Makeup Set Quantity: 6Pcs/Set NET WT: 6Pcs/Set Brand Name: Focallure Model Number: 20006-1 Ingredient: Powder,Eyebrow Pencil,Eyeshadow,Mascara,Eyeliner,Matte Lipstick"
10,"https://www.aliexpress.com/item/Makup-Tool-Kit-8-PCS-Must-Have-Cosmetics-Including-Eyeshadow-Matte-Lipstick-With-Foundation-Eyeliner-Makeup/32791957104.html?ws_ab_test=searchweb0_0,searchweb201602_5_10152_10065_10151_10068_10084_10083_10080_10082_10081_10110_10136_10137_519_10175_10111_10060_10112_10155_10113_10114_437_10154_10056_10055_10054_10182_10059_303_100031_10099_10078_10079_10103_10073_10102_10189_10052_10053_10142_10107_142_10050_10051-10102,searchweb201603_50,ppcSwitch_7&btsid=5207518f-a52d-4d95-a004-d273a6e6132c&algo_expid=10acef3b-a296-4a77-90e3-7afd269319e8-9&algo_pvid=10acef3b-a296-4a77-90e3-7afd269319e8","Makup Tool Kit 8 PCS Must Have Cosmetics Including Eyeshadow Matte Lipstick With Foundation Eyeliner Makeup Brush Set","17.99","https://ae01.alicdn.com/kf/HTB1eo8wPFXXXXc7XpXXq6xXFXXXn/Makup-Tool-Kit-8-PCS-Must-Have-Cosmetics-Including-Eyeshadow-Matte-Lipstick-With-Foundation-Eyeliner-Makeup.jpg_50x50.jpg","https://ae01.alicdn.com/kf/HTB17RllPFXXXXc0XFXXq6xXFXXXj/Makup-Tool-Kit-8-PCS-Must-Have-Cosmetics-Including-Eyeshadow-Matte-Lipstick-With-Foundation-Eyeliner-Makeup.jpg_50x50.jpg","https://ae01.alicdn.com/kf/HTB13xxxPFXXXXb8XFXXq6xXFXXXI/Makup-Tool-Kit-8-PCS-Must-Have-Cosmetics-Including-Eyeshadow-Matte-Lipstick-With-Foundation-Eyeliner-Makeup.jpg_50x50.jpg","https://ae01.alicdn.com/kf/HTB14ldQPFXXXXXoXXXXq6xXFXXXf/Makup-Tool-Kit-8-PCS-Must-Have-Cosmetics-Including-Eyeshadow-Matte-Lipstick-With-Foundation-Eyeliner-Makeup.jpg_50x50.jpg","https://ae01.alicdn.com/kf/HTB1YAo8PpXXXXccaXXXq6xXFXXXs/Makup-Tool-Kit-8-PCS-Must-Have-Cosmetics-Including-Eyeshadow-Matte-Lipstick-With-Foundation-Eyeliner-Makeup.jpg_50x50.jpg","https://ae01.alicdn.com/kf/HTB175xkPFXXXXaFXVXXq6xXFXXXA/Makup-Tool-Kit-8-PCS-Must-Have-Cosmetics-Including-Eyeshadow-Matte-Lipstick-With-Foundation-Eyeliner-Makeup.jpg_50x50.jpg","No","31TO","Makeup Set","","","","Mixed suit","","","","","","0.4kg","","","","Type: Makeup Set Model Number: CZ1172 Brand Name: 31TO Ingredient: Mixed suit Quantity: 8 kinds of cosmetics NET WT: 0.4kg"